test,run,expected_retired,measured_retired,cycles,expected_result,measured_result,retired_pass,functional_pass
straight_line_arithmetic,1,6,6,11,0,0,PASS,PASS
fixed_count_loop,1,14,14,26,3,3,PASS,PASS
taken_branch_control_flow,1,5,5,13,7,7,PASS,PASS
load_store,1,4,4,10,43,43,PASS,PASS
straight_line_arithmetic,2,6,6,11,0,0,PASS,PASS
fixed_count_loop,2,14,14,26,3,3,PASS,PASS
taken_branch_control_flow,2,5,5,13,7,7,PASS,PASS
load_store,2,4,4,10,43,43,PASS,PASS
straight_line_arithmetic,3,6,6,11,0,0,PASS,PASS
fixed_count_loop,3,14,14,26,3,3,PASS,PASS
taken_branch_control_flow,3,5,5,13,7,7,PASS,PASS
load_store,3,4,4,10,43,43,PASS,PASS
straight_line_arithmetic,4,6,6,11,0,0,PASS,PASS
fixed_count_loop,4,14,14,26,3,3,PASS,PASS
taken_branch_control_flow,4,5,5,13,7,7,PASS,PASS
load_store,4,4,4,10,43,43,PASS,PASS
straight_line_arithmetic,5,6,6,11,0,0,PASS,PASS
fixed_count_loop,5,14,14,26,3,3,PASS,PASS
taken_branch_control_flow,5,5,5,13,7,7,PASS,PASS
load_store,5,4,4,10,43,43,PASS,PASS
