ID,Acceleration class,Representative source,What it demonstrates,Relevance to this project,Critical caveat
R1,Custom instructions/coprocessor,RISC-V RoCC / Chipyard documentation,Custom opcode command/response integration for tightly coupled accelerators,Shows an established integration pattern,Not a drop-in interface for this non-RISC-V custom CPU
R2,Packed SIMD,RISC-V P extension specification,Fixed-point packed SIMD direction for small integer implementations,Useful ISA design reference for INT8 lanes,Specification status and implementation scope must be checked before reuse
R3,Vector execution,RISC-V V specification,Vector registers CSRs VLEN/ELEN and embedded Zve profiles,Defines the cost and programmability boundary of vector designs,Full V state/toolchain is likely too large for this project
R4,SIMD/MAC/loops/DMA,PULP DSP documentation,Combines packed MACs hardware loops post-increment loads and DMA in an embedded platform,Concrete evidence that these mechanisms compose for dot products,Platform is more capable and larger than this CPU
R5,Tightly coupled accelerator,Gemmini ASPLOS 2020 paper,Open configurable RISC-V DNN accelerator and full-stack integration,Representative of instruction-launched accelerator approach,Large systolic accelerator is not a suitable size target
R6,Coprocessor interfaces,Chisel/Chipyard RoCC material,Decoupled accelerator integration and software-visible commands,Highlights operand delivery and completion semantics,Interface assumptions differ from this RTL
R7,FPGA arithmetic,AMD 7 Series DSP48E1 UG479,Multiply-add and accumulate capability of target-family DSP slices,Supports realistic DSP mapping analysis,Does not predict packing efficiency or timing for a proposed RTL
R8,FPGA arithmetic,AMD Vivado DSP48E1 UG953,Available multiply/add/accumulate functions and widths,Provides vendor-authoritative implementation constraints,Resource use still requires synthesis
R9,Dedicated convolution,Eyeriss ISCA 2016,Row-stationary dataflow and local reuse for CNNs,Supports assessing line buffers and reuse,Research accelerator is much larger than the Basys 3 CPU
R10,Dedicated convolution,Eyeriss JSSC 2017,Reconfigurable CNN accelerator with 168 PEs and data-movement focus,Illustrates throughput/energy benefits of spatial reuse,Area and workload scale do not transfer directly
R11,Scratchpad/local memory,Scratchpad Memory Management for Deep Learning Accelerators,Software-managed local memory can reduce off-chip traffic/latency,Frames buffer-placement trade-offs,Addresses traffic-heavy systems rather than zero-wait S4
R12,Scratchpad/local memory,Optimizing Memory-Access Patterns for DNN Accelerators,Software-managed scratchpad placement is a major accelerator scheduling issue,Shows why buffering needs a dataflow plan,Does not establish a bottleneck in this baseline
R13,DMA,AMD AXI DMA PG021,Simple and scatter/gather DMA modes and descriptor setup,Provides realistic setup/overhead considerations,AXI system DMA is beyond the current local-memory interface
R14,DMA,double buffering,PULP DSP DMA material,L1/L2 transfer use case and DMA plus SIMD context,Useful larger-workload comparison point,Current tile has no measured transfer wait
R15,Lightweight vectors,Arrow RISC-V vector accelerator paper,Subset vector accelerator for edge ML on FPGA,Representative of an FPGA-scale vector approach,Reported speed/energy depends on a different core and platform
R16,Hardware loops,Hardware Support for Arbitrarily Complex Loop Structures,Zero-overhead loop controller concept and benchmark results,Directly relates to measured branch/loop overhead,Results are not predictive of this pipeline without trace mapping
R17,Loop buffers,Effective Exploitation of a Zero Overhead Loop Buffer,Loop buffer reduces loop overhead without code-size expansion,Supports a small control-only candidate,Older DSP-oriented study and workload dependence
