field,value
cycles,1464
retired,962
output_pass,1
pipeline_fill,6
data_hazard,0
load_use,0
control_flush,216
fetch_wait,0
memory_wait,0
taken_branches,65
not_taken_branches,151
jumps,151
wrong_path_flushed,281
opcode_00000000,0
opcode_00000001,204
opcode_00000002,12
opcode_00000003,0
opcode_00000004,0
opcode_00000005,0
opcode_00000006,265
opcode_00000007,109
opcode_00000008,5
opcode_00000009,216
opcode_0000000a,151
opcode_0000000b,0
opcode_0000000c,0
opcode_0000000d,0
opcode_0000000e,0
opcode_0000000f,0
